{"data":{"__schema":{"queryType":{"name":"Query"},"mutationType":{"name":"Mutation"},"subscriptionType":null,"types":[{"kind":"OBJECT","name":"Query","description":"","fields":[{"name":"exercises","description":"gets excersices\n\nEquivalent to GET /exercises","args":[{"name":"patientId","description":"patientId","type":{"kind":"NON_NULL","name":null,"ofType":{"kind":"SCALAR","name":"String","ofType":null}},"defaultValue":null}],"type":{"kind":"LIST","name":null,"ofType":{"kind":"OBJECT","name":"Exercise","ofType":null}},"isDeprecated":false,"deprecationReason":null},{"name":"allExercises","description":"","args":[],"type":{"kind":"LIST","name":null,"ofType":{"kind":"OBJECT","name":"Exercise","ofType":null}},"isDeprecated":false,"deprecationReason":null},{"name":"tokenPayload","description":"Equivalent to GET /login","args":[{"name":"password","description":"","type":{"kind":"NON_NULL","name":null,"ofType":{"kind":"SCALAR","name":"String","ofType":null}},"defaultValue":null},{"name":"username","description":"","type":{"kind":"NON_NULL","name":null,"ofType":{"kind":"SCALAR","name":"String","ofType":null}},"defaultValue":null}],"type":{"kind":"OBJECT","name":"TokenPayload","ofType":null},"isDeprecated":false,"deprecationReason":null},{"name":"user","description":"Equivalent to GET /user","args":[],"type":{"kind":"OBJECT","name":"User","ofType":null},"isDeprecated":false,"deprecationReason":null},{"name":"users","description":"Equivalent to GET /users","args":[],"type":{"kind":"LIST","name":null,"ofType":{"kind":"OBJECT","name":"User","ofType":null}},"isDeprecated":false,"deprecationReason":null},{"name":"myPatients","description":"","args":[],"type":{"kind":"LIST","name":null,"ofType":{"kind":"OBJECT","name":"User","ofType":null}},"isDeprecated":false,"deprecationReason":null},{"name":"getSchedule","description":"","args":[{"name":"patientId","description":"","type":{"kind":"NON_NULL","name":null,"ofType":{"kind":"SCALAR","name":"ID","ofType":null}},"defaultValue":null}],"type":{"kind":"OBJECT","name":"TherapySchedule","ofType":null},"isDeprecated":false,"deprecationReason":null},{"name":"getMyQuestionares","description":"","args":[],"type":{"kind":"LIST","name":null,"ofType":{"kind":"OBJECT","name":"Questainare","ofType":null}},"isDeprecated":false,"deprecationReason":null}],"inputFields":null,"interfaces":[],"enumValues":null,"possibleTypes":null},{"kind":"SCALAR","name":"String","description":"The `String` scalar type represents textual data, represented as UTF-8 character sequences. The String type is most often used by GraphQL to represent free-form human-readable text.","fields":null,"inputFields":null,"interfaces":null,"enumValues":null,"possibleTypes":null},{"kind":"OBJECT","name":"Exercise","description":"","fields":[{"name":"createdAt","description":"","args":[],"type":{"kind":"SCALAR","name":"String","ofType":null},"isDeprecated":false,"deprecationReason":null},{"name":"updatedAt","description":"","args":[],"type":{"kind":"SCALAR","name":"String","ofType":null},"isDeprecated":false,"deprecationReason":null},{"name":"creator","description":"","args":[],"type":{"kind":"OBJECT","name":"Therapist","ofType":null},"isDeprecated":false,"deprecationReason":null},{"name":"id","description":"","args":[],"type":{"kind":"NON_NULL","name":null,"ofType":{"kind":"SCALAR","name":"ID","ofType":null}},"isDeprecated":false,"deprecationReason":null},{"name":"longDescription","description":"","args":[],"type":{"kind":"NON_NULL","name":null,"ofType":{"kind":"SCALAR","name":"String","ofType":null}},"isDeprecated":false,"deprecationReason":null},{"name":"pictures","description":"","args":[],"type":{"kind":"NON_NULL","name":null,"ofType":{"kind":"LIST","name":null,"ofType":{"kind":"OBJECT","name":"URLHolder","ofType":null}}},"isDeprecated":false,"deprecationReason":null},{"name":"scheduleInfo","description":"","args":[],"type":{"kind":"OBJECT","name":"ScheduleInfo","ofType":null},"isDeprecated":false,"deprecationReason":null},{"name":"shortDescription","description":"","args":[],"type":{"kind":"NON_NULL","name":null,"ofType":{"kind":"SCALAR","name":"String","ofType":null}},"isDeprecated":false,"deprecationReason":null},{"name":"title","description":"","args":[],"type":{"kind":"NON_NULL","name":null,"ofType":{"kind":"SCALAR","name":"String","ofType":null}},"isDeprecated":false,"deprecationReason":null},{"name":"videos","description":"","args":[],"type":{"kind":"NON_NULL","name":null,"ofType":{"kind":"LIST","name":null,"ofType":{"kind":"OBJECT","name":"URLHolder","ofType":null}}},"isDeprecated":false,"deprecationReason":null},{"name":"parameters","description":"","args":[],"type":{"kind":"LIST","name":null,"ofType":{"kind":"OBJECT","name":"Parameter","ofType":null}},"isDeprecated":false,"deprecationReason":null},{"name":"assesments","description":"","args":[],"type":{"kind":"LIST","name":null,"ofType":{"kind":"OBJECT","name":"Assesment","ofType":null}},"isDeprecated":false,"deprecationReason":null},{"name":"type","description":"","args":[],"type":{"kind":"ENUM","name":"ExerciseType","ofType":null},"isDeprecated":false,"deprecationReason":null},{"name":"parentId","description":"","args":[],"type":{"kind":"SCALAR","name":"String","ofType":null},"isDeprecated":false,"deprecationReason":null},{"name":"creatorId","description":"","args":[],"type":{"kind":"SCALAR","name":"String","ofType":null},"isDeprecated":false,"deprecationReason":null},{"name":"additionalInstructions","description":"","args":[],"type":{"kind":"SCALAR","name":"String","ofType":null},"isDeprecated":false,"deprecationReason":null},{"name":"instructions","description":"","args":[],"type":{"kind":"SCALAR","name":"String","ofType":null},"isDeprecated":false,"deprecationReason":null}],"inputFields":null,"interfaces":[],"enumValues":null,"possibleTypes":null},{"kind":"OBJECT","name":"Therapist","description":"","fields":[{"name":"excersices","description":"","args":[],"type":{"kind":"NON_NULL","name":null,"ofType":{"kind":"LIST","name":null,"ofType":{"kind":"OBJECT","name":"Exercise","ofType":null}}},"isDeprecated":false,"deprecationReason":null},{"name":"id","description":"","args":[],"type":{"kind":"NON_NULL","name":null,"ofType":{"kind":"SCALAR","name":"ID","ofType":null}},"isDeprecated":false,"deprecationReason":null},{"name":"name","description":"","args":[],"type":{"kind":"NON_NULL","name":null,"ofType":{"kind":"SCALAR","name":"String","ofType":null}},"isDeprecated":false,"deprecationReason":null},{"name":"phoneNumber","description":"","args":[],"type":{"kind":"SCALAR","name":"String","ofType":null},"isDeprecated":false,"deprecationReason":null},{"name":"questionares","description":"","args":[],"type":{"kind":"LIST","name":null,"ofType":{"kind":"OBJECT","name":"Questainare","ofType":null}},"isDeprecated":false,"deprecationReason":null}],"inputFields":null,"interfaces":[],"enumValues":null,"possibleTypes":null},{"kind":"SCALAR","name":"ID","description":"The `ID` scalar type represents a unique identifier, often used to refetch an object or as key for a cache. The ID type appears in a JSON response as a String; however, it is not intended to be human-readable. When expected as an input type, any string (such as `\"4\"`) or integer (such as `4`) input value will be accepted as an ID.","fields":null,"inputFields":null,"interfaces":null,"enumValues":null,"possibleTypes":null},{"kind":"OBJECT","name":"Questainare","description":"","fields":[{"name":"createdAt","description":"","args":[],"type":{"kind":"SCALAR","name":"String","ofType":null},"isDeprecated":false,"deprecationReason":null},{"name":"updatedAt","description":"","args":[],"type":{"kind":"SCALAR","name":"String","ofType":null},"isDeprecated":false,"deprecationReason":null},{"name":"creatorId","description":"","args":[],"type":{"kind":"SCALAR","name":"String","ofType":null},"isDeprecated":false,"deprecationReason":null},{"name":"creator","description":"","args":[],"type":{"kind":"OBJECT","name":"Therapist","ofType":null},"isDeprecated":false,"deprecationReason":null},{"name":"id","description":"","args":[],"type":{"kind":"NON_NULL","name":null,"ofType":{"kind":"SCALAR","name":"ID","ofType":null}},"isDeprecated":false,"deprecationReason":null},{"name":"uid","description":"","args":[],"type":{"kind":"SCALAR","name":"String","ofType":null},"isDeprecated":false,"deprecationReason":null},{"name":"title","description":"","args":[],"type":{"kind":"SCALAR","name":"String","ofType":null},"isDeprecated":false,"deprecationReason":null},{"name":"questions","description":"","args":[],"type":{"kind":"LIST","name":null,"ofType":{"kind":"OBJECT","name":"Question","ofType":null}},"isDeprecated":false,"deprecationReason":null},{"name":"answers","description":"","args":[],"type":{"kind":"LIST","name":null,"ofType":{"kind":"OBJECT","name":"Answer","ofType":null}},"isDeprecated":false,"deprecationReason":null},{"name":"answered","description":"","args":[],"type":{"kind":"SCALAR","name":"Boolean","ofType":null},"isDeprecated":false,"deprecationReason":null}],"inputFields":null,"interfaces":[],"enumValues":null,"possibleTypes":null},{"kind":"OBJECT","name":"Question","description":"","fields":[{"name":"order","description":"","args":[],"type":{"kind":"NON_NULL","name":null,"ofType":{"kind":"SCALAR","name":"Int","ofType":null}},"isDeprecated":false,"deprecationReason":null},{"name":"id","description":"","args":[],"type":{"kind":"NON_NULL","name":null,"ofType":{"kind":"SCALAR","name":"ID","ofType":null}},"isDeprecated":false,"deprecationReason":null},{"name":"question","description":"","args":[],"type":{"kind":"NON_NULL","name":null,"ofType":{"kind":"SCALAR","name":"String","ofType":null}},"isDeprecated":false,"deprecationReason":null},{"name":"answerType","description":"","args":[],"type":{"kind":"NON_NULL","name":null,"ofType":{"kind":"ENUM","name":"QuestionAnswerType","ofType":null}},"isDeprecated":false,"deprecationReason":null},{"name":"options","description":"","args":[],"type":{"kind":"LIST","name":null,"ofType":{"kind":"OBJECT","name":"QuestionOption","ofType":null}},"isDeprecated":false,"deprecationReason":null}],"inputFields":null,"interfaces":[],"enumValues":null,"possibleTypes":null},{"kind":"SCALAR","name":"Int","description":"The `Int` scalar type represents non-fractional signed whole numeric values. Int can represent values between -(2^31) and 2^31 - 1.","fields":null,"inputFields":null,"interfaces":null,"enumValues":null,"possibleTypes":null},{"kind":"ENUM","name":"QuestionAnswerType","description":"","fields":null,"inputFields":null,"interfaces":null,"enumValues":[{"name":"OPTIONS","description":"","isDeprecated":false,"deprecationReason":null},{"name":"TEXT","description":"","isDeprecated":false,"deprecationReason":null}],"possibleTypes":null},{"kind":"OBJECT","name":"QuestionOption","description":"","fields":[{"name":"order","description":"","args":[],"type":{"kind":"SCALAR","name":"Int","ofType":null},"isDeprecated":false,"deprecationReason":null},{"name":"id","description":"","args":[],"type":{"kind":"NON_NULL","name":null,"ofType":{"kind":"SCALAR","name":"ID","ofType":null}},"isDeprecated":false,"deprecationReason":null},{"name":"value","description":"","args":[],"type":{"kind":"SCALAR","name":"String","ofType":null},"isDeprecated":false,"deprecationReason":null}],"inputFields":null,"interfaces":[],"enumValues":null,"possibleTypes":null},{"kind":"OBJECT","name":"Answer","description":"","fields":[{"name":"id","description":"","args":[],"type":{"kind":"NON_NULL","name":null,"ofType":{"kind":"SCALAR","name":"ID","ofType":null}},"isDeprecated":false,"deprecationReason":null},{"name":"questionId","description":"","args":[],"type":{"kind":"NON_NULL","name":null,"ofType":{"kind":"SCALAR","name":"ID","ofType":null}},"isDeprecated":false,"deprecationReason":null},{"name":"answeredOptionId","description":"","args":[],"type":{"kind":"SCALAR","name":"ID","ofType":null},"isDeprecated":false,"deprecationReason":null},{"name":"answerStr","description":"","args":[],"type":{"kind":"SCALAR","name":"String","ofType":null},"isDeprecated":false,"deprecationReason":null}],"inputFields":null,"interfaces":[],"enumValues":null,"possibleTypes":null},{"kind":"SCALAR","name":"Boolean","description":"The `Boolean` scalar type represents `true` or `false`.","fields":null,"inputFields":null,"interfaces":null,"enumValues":null,"possibleTypes":null},{"kind":"OBJECT","name":"URLHolder","description":"","fields":[{"name":"url","description":"","args":[],"type":{"kind":"NON_NULL","name":null,"ofType":{"kind":"SCALAR","name":"String","ofType":null}},"isDeprecated":false,"deprecationReason":null},{"name":"width","description":"","args":[],"type":{"kind":"SCALAR","name":"Int","ofType":null},"isDeprecated":false,"deprecationReason":null},{"name":"height","description":"","args":[],"type":{"kind":"SCALAR","name":"Int","ofType":null},"isDeprecated":false,"deprecationReason":null},{"name":"placeHolder","description":"","args":[],"type":{"kind":"SCALAR","name":"String","ofType":null},"isDeprecated":false,"deprecationReason":null},{"name":"type","description":"","args":[],"type":{"kind":"SCALAR","name":"String","ofType":null},"isDeprecated":false,"deprecationReason":null},{"name":"order","description":"","args":[],"type":{"kind":"SCALAR","name":"Int","ofType":null},"isDeprecated":false,"deprecationReason":null},{"name":"id","description":"","args":[],"type":{"kind":"SCALAR","name":"ID","ofType":null},"isDeprecated":false,"deprecationReason":null}],"inputFields":null,"interfaces":[],"enumValues":null,"possibleTypes":null},{"kind":"OBJECT","name":"ScheduleInfo","description":"","fields":[{"name":"createdAt","description":"","args":[],"type":{"kind":"NON_NULL","name":null,"ofType":{"kind":"SCALAR","name":"String","ofType":null}},"isDeprecated":false,"deprecationReason":null},{"name":"endDate","description":"","args":[],"type":{"kind":"NON_NULL","name":null,"ofType":{"kind":"SCALAR","name":"String","ofType":null}},"isDeprecated":false,"deprecationReason":null},{"name":"id","description":"","args":[],"type":{"kind":"NON_NULL","name":null,"ofType":{"kind":"SCALAR","name":"ID","ofType":null}},"isDeprecated":false,"deprecationReason":null},{"name":"scheduleDays","description":"","args":[],"type":{"kind":"NON_NULL","name":null,"ofType":{"kind":"LIST","name":null,"ofType":{"kind":"SCALAR","name":"String","ofType":null}}},"isDeprecated":false,"deprecationReason":null},{"name":"scheduleType","description":"","args":[],"type":{"kind":"NON_NULL","name":null,"ofType":{"kind":"ENUM","name":"ScheduleType","ofType":null}},"isDeprecated":false,"deprecationReason":null},{"name":"startDate","description":"","args":[],"type":{"kind":"NON_NULL","name":null,"ofType":{"kind":"SCALAR","name":"String","ofType":null}},"isDeprecated":false,"deprecationReason":null},{"name":"updatedAt","description":"","args":[],"type":{"kind":"NON_NULL","name":null,"ofType":{"kind":"SCALAR","name":"String","ofType":null}},"isDeprecated":false,"deprecationReason":null}],"inputFields":null,"interfaces":[],"enumValues":null,"possibleTypes":null},{"kind":"ENUM","name":"ScheduleType","description":"","fields":null,"inputFields":null,"interfaces":null,"enumValues":[{"name":"DAILY","description":"","isDeprecated":false,"deprecationReason":null},{"name":"TWODAYS","description":"","isDeprecated":false,"deprecationReason":null},{"name":"THREEDAYS","description":"","isDeprecated":false,"deprecationReason":null}],"possibleTypes":null},{"kind":"OBJECT","name":"Parameter","description":"","fields":[{"name":"id","description":"","args":[],"type":{"kind":"NON_NULL","name":null,"ofType":{"kind":"SCALAR","name":"ID","ofType":null}},"isDeprecated":false,"deprecationReason":null},{"name":"enabled","description":"","args":[],"type":{"kind":"NON_NULL","name":null,"ofType":{"kind":"SCALAR","name":"Boolean","ofType":null}},"isDeprecated":false,"deprecationReason":null},{"name":"name","description":"","args":[],"type":{"kind":"NON_NULL","name":null,"ofType":{"kind":"SCALAR","name":"String","ofType":null}},"isDeprecated":false,"deprecationReason":null},{"name":"value","description":"","args":[],"type":{"kind":"SCALAR","name":"Int","ofType":null},"isDeprecated":false,"deprecationReason":null},{"name":"secondValue","description":"","args":[],"type":{"kind":"SCALAR","name":"Int","ofType":null},"isDeprecated":false,"deprecationReason":null},{"name":"valueType","description":"","args":[],"type":{"kind":"ENUM","name":"ParameterType","ofType":null},"isDeprecated":false,"deprecationReason":null},{"name":"title","description":"","args":[],"type":{"kind":"SCALAR","name":"String","ofType":null},"isDeprecated":false,"deprecationReason":null}],"inputFields":null,"interfaces":[],"enumValues":null,"possibleTypes":null},{"kind":"ENUM","name":"ParameterType","description":"","fields":null,"inputFields":null,"interfaces":null,"enumValues":[{"name":"rep","description":"","isDeprecated":false,"deprecationReason":null},{"name":"time","description":"","isDeprecated":false,"deprecationReason":null}],"possibleTypes":null},{"kind":"OBJECT","name":"Assesment","description":"","fields":[{"name":"id","description":"","args":[],"type":{"kind":"NON_NULL","name":null,"ofType":{"kind":"SCALAR","name":"ID","ofType":null}},"isDeprecated":false,"deprecationReason":null},{"name":"enabled","description":"","args":[],"type":{"kind":"NON_NULL","name":null,"ofType":{"kind":"SCALAR","name":"Boolean","ofType":null}},"isDeprecated":false,"deprecationReason":null},{"name":"name","description":"","args":[],"type":{"kind":"NON_NULL","name":null,"ofType":{"kind":"SCALAR","name":"String","ofType":null}},"isDeprecated":false,"deprecationReason":null},{"name":"title","description":"","args":[],"type":{"kind":"SCALAR","name":"String","ofType":null},"isDeprecated":false,"deprecationReason":null},{"name":"value","description":"","args":[],"type":{"kind":"SCALAR","name":"Int","ofType":null},"isDeprecated":false,"deprecationReason":null}],"inputFields":null,"interfaces":[],"enumValues":null,"possibleTypes":null},{"kind":"ENUM","name":"ExerciseType","description":"","fields":null,"inputFields":null,"interfaces":null,"enumValues":[{"name":"Exercise","description":"","isDeprecated":false,"deprecationReason":null},{"name":"Educational","description":"","isDeprecated":false,"deprecationReason":null}],"possibleTypes":null},{"kind":"OBJECT","name":"TokenPayload","description":"","fields":[{"name":"token","description":"","args":[],"type":{"kind":"NON_NULL","name":null,"ofType":{"kind":"SCALAR","name":"String","ofType":null}},"isDeprecated":false,"deprecationReason":null}],"inputFields":null,"interfaces":[],"enumValues":null,"possibleTypes":null},{"kind":"OBJECT","name":"User","description":"","fields":[{"name":"id","description":"","args":[],"type":{"kind":"NON_NULL","name":null,"ofType":{"kind":"SCALAR","name":"ID","ofType":null}},"isDeprecated":false,"deprecationReason":null},{"name":"password","description":"","args":[],"type":{"kind":"SCALAR","name":"String","ofType":null},"isDeprecated":false,"deprecationReason":null},{"name":"patient","description":"","args":[],"type":{"kind":"OBJECT","name":"PatientInfo","ofType":null},"isDeprecated":false,"deprecationReason":null},{"name":"patientId","description":"","args":[],"type":{"kind":"SCALAR","name":"String","ofType":null},"isDeprecated":false,"deprecationReason":null},{"name":"therapist","description":"","args":[],"type":{"kind":"OBJECT","name":"Therapist","ofType":null},"isDeprecated":false,"deprecationReason":null},{"name":"therapistId","description":"","args":[],"type":{"kind":"SCALAR","name":"String","ofType":null},"isDeprecated":false,"deprecationReason":null},{"name":"type","description":"","args":[],"type":{"kind":"NON_NULL","name":null,"ofType":{"kind":"ENUM","name":"Type","ofType":null}},"isDeprecated":false,"deprecationReason":null},{"name":"username","description":"","args":[],"type":{"kind":"NON_NULL","name":null,"ofType":{"kind":"SCALAR","name":"String","ofType":null}},"isDeprecated":false,"deprecationReason":null}],"inputFields":null,"interfaces":[],"enumValues":null,"possibleTypes":null},{"kind":"OBJECT","name":"PatientInfo","description":"","fields":[{"name":"id","description":"","args":[],"type":{"kind":"NON_NULL","name":null,"ofType":{"kind":"SCALAR","name":"ID","ofType":null}},"isDeprecated":false,"deprecationReason":null},{"name":"name","description":"","args":[],"type":{"kind":"NON_NULL","name":null,"ofType":{"kind":"SCALAR","name":"String","ofType":null}},"isDeprecated":false,"deprecationReason":null},{"name":"age","description":"","args":[],"type":{"kind":"SCALAR","name":"Int","ofType":null},"isDeprecated":false,"deprecationReason":null},{"name":"weight","description":"","args":[],"type":{"kind":"SCALAR","name":"Int","ofType":null},"isDeprecated":false,"deprecationReason":null},{"name":"schedule","description":"","args":[],"type":{"kind":"OBJECT","name":"TherapySchedule","ofType":null},"isDeprecated":false,"deprecationReason":null}],"inputFields":null,"interfaces":[],"enumValues":null,"possibleTypes":null},{"kind":"OBJECT","name":"TherapySchedule","description":"","fields":[{"name":"id","description":"","args":[],"type":{"kind":"NON_NULL","name":null,"ofType":{"kind":"SCALAR","name":"ID","ofType":null}},"isDeprecated":false,"deprecationReason":null},{"name":"updatedAt","description":"","args":[],"type":{"kind":"NON_NULL","name":null,"ofType":{"kind":"SCALAR","name":"String","ofType":null}},"isDeprecated":false,"deprecationReason":null},{"name":"createdAt","description":"","args":[],"type":{"kind":"NON_NULL","name":null,"ofType":{"kind":"SCALAR","name":"String","ofType":null}},"isDeprecated":false,"deprecationReason":null},{"name":"startDate","description":"","args":[],"type":{"kind":"NON_NULL","name":null,"ofType":{"kind":"SCALAR","name":"String","ofType":null}},"isDeprecated":false,"deprecationReason":null},{"name":"endDate","description":"","args":[],"type":{"kind":"NON_NULL","name":null,"ofType":{"kind":"SCALAR","name":"String","ofType":null}},"isDeprecated":false,"deprecationReason":null},{"name":"exercises","description":"","args":[],"type":{"kind":"LIST","name":null,"ofType":{"kind":"OBJECT","name":"Exercise","ofType":null}},"isDeprecated":false,"deprecationReason":null},{"name":"exerciseIds","description":"","args":[],"type":{"kind":"LIST","name":null,"ofType":{"kind":"SCALAR","name":"ID","ofType":null}},"isDeprecated":false,"deprecationReason":null},{"name":"days","description":"","args":[],"type":{"kind":"LIST","name":null,"ofType":{"kind":"OBJECT","name":"TherapyDay","ofType":null}},"isDeprecated":false,"deprecationReason":null}],"inputFields":null,"interfaces":[],"enumValues":null,"possibleTypes":null},{"kind":"OBJECT","name":"TherapyDay","description":"","fields":[{"name":"id","description":"","args":[],"type":{"kind":"NON_NULL","name":null,"ofType":{"kind":"SCALAR","name":"ID","ofType":null}},"isDeprecated":false,"deprecationReason":null},{"name":"updatedAt","description":"","args":[],"type":{"kind":"NON_NULL","name":null,"ofType":{"kind":"SCALAR","name":"String","ofType":null}},"isDeprecated":false,"deprecationReason":null},{"name":"createdAt","description":"","args":[],"type":{"kind":"NON_NULL","name":null,"ofType":{"kind":"SCALAR","name":"String","ofType":null}},"isDeprecated":false,"deprecationReason":null},{"name":"date","description":"","args":[],"type":{"kind":"NON_NULL","name":null,"ofType":{"kind":"SCALAR","name":"String","ofType":null}},"isDeprecated":false,"deprecationReason":null},{"name":"parameters","description":"","args":[],"type":{"kind":"LIST","name":null,"ofType":{"kind":"OBJECT","name":"ExerciseParameter","ofType":null}},"isDeprecated":false,"deprecationReason":null},{"name":"evaluation","description":"","args":[],"type":{"kind":"LIST","name":null,"ofType":{"kind":"OBJECT","name":"EvaluationResult","ofType":null}},"isDeprecated":false,"deprecationReason":null},{"name":"questionares","description":"","args":[],"type":{"kind":"LIST","name":null,"ofType":{"kind":"OBJECT","name":"Questainare","ofType":null}},"isDeprecated":false,"deprecationReason":null},{"name":"questionareIds","description":"","args":[],"type":{"kind":"LIST","name":null,"ofType":{"kind":"SCALAR","name":"ID","ofType":null}},"isDeprecated":false,"deprecationReason":null}],"inputFields":null,"interfaces":[],"enumValues":null,"possibleTypes":null},{"kind":"OBJECT","name":"ExerciseParameter","description":"// type ExerciseAssesment{\n//   assesments: Assesments\n//   exerciseId: ID\n//   id: ID\n// }","fields":[{"name":"parameters","description":"","args":[],"type":{"kind":"LIST","name":null,"ofType":{"kind":"OBJECT","name":"Parameter","ofType":null}},"isDeprecated":false,"deprecationReason":null},{"name":"exerciseId","description":"","args":[],"type":{"kind":"SCALAR","name":"ID","ofType":null},"isDeprecated":false,"deprecationReason":null},{"name":"id","description":"","args":[],"type":{"kind":"NON_NULL","name":null,"ofType":{"kind":"SCALAR","name":"ID","ofType":null}},"isDeprecated":false,"deprecationReason":null},{"name":"enabled","description":"","args":[],"type":{"kind":"SCALAR","name":"Boolean","ofType":null},"isDeprecated":false,"deprecationReason":null},{"name":"additionalInstructions","description":"","args":[],"type":{"kind":"SCALAR","name":"String","ofType":null},"isDeprecated":false,"deprecationReason":null}],"inputFields":null,"interfaces":[],"enumValues":null,"possibleTypes":null},{"kind":"OBJECT","name":"EvaluationResult","description":"","fields":[{"name":"id","description":"","args":[],"type":{"kind":"NON_NULL","name":null,"ofType":{"kind":"SCALAR","name":"ID","ofType":null}},"isDeprecated":false,"deprecationReason":null},{"name":"exerciseId","description":"","args":[],"type":{"kind":"NON_NULL","name":null,"ofType":{"kind":"SCALAR","name":"ID","ofType":null}},"isDeprecated":false,"deprecationReason":null},{"name":"parameters","description":"","args":[],"type":{"kind":"NON_NULL","name":null,"ofType":{"kind":"LIST","name":null,"ofType":{"kind":"OBJECT","name":"Parameter","ofType":null}}},"isDeprecated":false,"deprecationReason":null},{"name":"feedback","description":"","args":[],"type":{"kind":"SCALAR","name":"String","ofType":null},"isDeprecated":false,"deprecationReason":null},{"name":"assesments","description":"","args":[],"type":{"kind":"NON_NULL","name":null,"ofType":{"kind":"LIST","name":null,"ofType":{"kind":"OBJECT","name":"Assesment","ofType":null}}},"isDeprecated":false,"deprecationReason":null}],"inputFields":null,"interfaces":[],"enumValues":null,"possibleTypes":null},{"kind":"ENUM","name":"Type","description":"","fields":null,"inputFields":null,"interfaces":null,"enumValues":[{"name":"Admin","description":"","isDeprecated":false,"deprecationReason":null},{"name":"Patient","description":"","isDeprecated":false,"deprecationReason":null},{"name":"Therapist","description":"","isDeprecated":false,"deprecationReason":null}],"possibleTypes":null},{"kind":"OBJECT","name":"Mutation","description":"","fields":[{"name":"addExercise","description":"Adds an excersice to the system\n\nEquivalent to POST /exercises","args":[{"name":"exerciseInput","description":"","type":{"kind":"INPUT_OBJECT","name":"ExerciseInput","ofType":null},"defaultValue":null}],"type":{"kind":"OBJECT","name":"Exercise","ofType":null},"isDeprecated":false,"deprecationReason":null},{"name":"addUser","description":"Adds an user to the system\n\nEquivalent to POST /users","args":[{"name":"userInput","description":"","type":{"kind":"INPUT_OBJECT","name":"UserInput","ofType":null},"defaultValue":null}],"type":{"kind":"OBJECT","name":"User","ofType":null},"isDeprecated":false,"deprecationReason":null},{"name":"updateExercise","description":"","args":[{"name":"updateInput","description":"","type":{"kind":"INPUT_OBJECT","name":"UpdateInput","ofType":null},"defaultValue":null}],"type":{"kind":"OBJECT","name":"Exercise","ofType":null},"isDeprecated":false,"deprecationReason":null},{"name":"addTherapySchedule","description":"","args":[{"name":"therapyScheduleInput","description":"","type":{"kind":"INPUT_OBJECT","name":"TherapyScheduleInput","ofType":null},"defaultValue":null},{"name":"patientId","description":"","type":{"kind":"NON_NULL","name":null,"ofType":{"kind":"SCALAR","name":"ID","ofType":null}},"defaultValue":null}],"type":{"kind":"OBJECT","name":"TherapySchedule","ofType":null},"isDeprecated":false,"deprecationReason":null},{"name":"updateTherapySchedule","description":"","args":[{"name":"updateInput","description":"","type":{"kind":"NON_NULL","name":null,"ofType":{"kind":"INPUT_OBJECT","name":"UpdateTherapyScheduleInput","ofType":null}},"defaultValue":null},{"name":"patientId","description":"","type":{"kind":"NON_NULL","name":null,"ofType":{"kind":"SCALAR","name":"ID","ofType":null}},"defaultValue":null}],"type":{"kind":"OBJECT","name":"TherapySchedule","ofType":null},"isDeprecated":false,"deprecationReason":null},{"name":"submitEvaluation","description":"","args":[{"name":"evaluationInput","description":"","type":{"kind":"INPUT_OBJECT","name":"EvaluationInput","ofType":null},"defaultValue":null}],"type":{"kind":"OBJECT","name":"TherapyDay","ofType":null},"isDeprecated":false,"deprecationReason":null},{"name":"addQuestainare","description":"","args":[{"name":"questainareInput","description":"","type":{"kind":"INPUT_OBJECT","name":"QuestainareInput","ofType":null},"defaultValue":null}],"type":{"kind":"OBJECT","name":"Questainare","ofType":null},"isDeprecated":false,"deprecationReason":null},{"name":"submitQuestionare","description":"","args":[{"name":"questionareAnswerInput","description":"","type":{"kind":"INPUT_OBJECT","name":"QuestionareAnswerInput","ofType":null},"defaultValue":null}],"type":{"kind":"OBJECT","name":"Questainare","ofType":null},"isDeprecated":false,"deprecationReason":null}],"inputFields":null,"interfaces":[],"enumValues":null,"possibleTypes":null},{"kind":"INPUT_OBJECT","name":"ExerciseInput","description":"","fields":null,"inputFields":[{"name":"longDescription","description":"","type":{"kind":"NON_NULL","name":null,"ofType":{"kind":"SCALAR","name":"String","ofType":null}},"defaultValue":null},{"name":"pictures","description":"","type":{"kind":"NON_NULL","name":null,"ofType":{"kind":"LIST","name":null,"ofType":{"kind":"INPUT_OBJECT","name":"URLHolderInput","ofType":null}}},"defaultValue":null},{"name":"shortDescription","description":"","type":{"kind":"NON_NULL","name":null,"ofType":{"kind":"SCALAR","name":"String","ofType":null}},"defaultValue":null},{"name":"title","description":"","type":{"kind":"NON_NULL","name":null,"ofType":{"kind":"SCALAR","name":"String","ofType":null}},"defaultValue":null},{"name":"type","description":"","type":{"kind":"ENUM","name":"ExerciseType","ofType":null},"defaultValue":null},{"name":"videos","description":"","type":{"kind":"NON_NULL","name":null,"ofType":{"kind":"LIST","name":null,"ofType":{"kind":"INPUT_OBJECT","name":"URLHolderInput","ofType":null}}},"defaultValue":null},{"name":"parameters","description":"","type":{"kind":"LIST","name":null,"ofType":{"kind":"INPUT_OBJECT","name":"ParameterInput","ofType":null}},"defaultValue":null},{"name":"assesments","description":"","type":{"kind":"LIST","name":null,"ofType":{"kind":"INPUT_OBJECT","name":"AssesmentInput","ofType":null}},"defaultValue":null},{"name":"state","description":"","type":{"kind":"SCALAR","name":"String","ofType":null},"defaultValue":null},{"name":"parentId","description":"","type":{"kind":"SCALAR","name":"String","ofType":null},"defaultValue":null},{"name":"additionalInstructions","description":"","type":{"kind":"SCALAR","name":"String","ofType":null},"defaultValue":null},{"name":"instructions","description":"","type":{"kind":"SCALAR","name":"String","ofType":null},"defaultValue":null}],"interfaces":null,"enumValues":null,"possibleTypes":null},{"kind":"INPUT_OBJECT","name":"URLHolderInput","description":"","fields":null,"inputFields":[{"name":"url","description":"","type":{"kind":"NON_NULL","name":null,"ofType":{"kind":"SCALAR","name":"String","ofType":null}},"defaultValue":null},{"name":"width","description":"","type":{"kind":"SCALAR","name":"Int","ofType":null},"defaultValue":null},{"name":"height","description":"","type":{"kind":"SCALAR","name":"Int","ofType":null},"defaultValue":null},{"name":"placeHolder","description":"","type":{"kind":"SCALAR","name":"String","ofType":null},"defaultValue":null},{"name":"type","description":"","type":{"kind":"SCALAR","name":"String","ofType":null},"defaultValue":null},{"name":"id","description":"","type":{"kind":"SCALAR","name":"ID","ofType":null},"defaultValue":null},{"name":"size","description":"","type":{"kind":"SCALAR","name":"Int","ofType":null},"defaultValue":null},{"name":"order","description":"","type":{"kind":"SCALAR","name":"Int","ofType":null},"defaultValue":null}],"interfaces":null,"enumValues":null,"possibleTypes":null},{"kind":"INPUT_OBJECT","name":"ParameterInput","description":"","fields":null,"inputFields":[{"name":"enabled","description":"","type":{"kind":"NON_NULL","name":null,"ofType":{"kind":"SCALAR","name":"Boolean","ofType":null}},"defaultValue":null},{"name":"name","description":"","type":{"kind":"NON_NULL","name":null,"ofType":{"kind":"SCALAR","name":"String","ofType":null}},"defaultValue":null},{"name":"title","description":"","type":{"kind":"SCALAR","name":"String","ofType":null},"defaultValue":null},{"name":"value","description":"","type":{"kind":"SCALAR","name":"Int","ofType":null},"defaultValue":null},{"name":"secondValue","description":"","type":{"kind":"SCALAR","name":"Int","ofType":null},"defaultValue":null},{"name":"valueType","description":"","type":{"kind":"ENUM","name":"ParameterType","ofType":null},"defaultValue":null},{"name":"id","description":"","type":{"kind":"SCALAR","name":"ID","ofType":null},"defaultValue":null}],"interfaces":null,"enumValues":null,"possibleTypes":null},{"kind":"INPUT_OBJECT","name":"AssesmentInput","description":"","fields":null,"inputFields":[{"name":"enabled","description":"","type":{"kind":"NON_NULL","name":null,"ofType":{"kind":"SCALAR","name":"Boolean","ofType":null}},"defaultValue":null},{"name":"name","description":"","type":{"kind":"NON_NULL","name":null,"ofType":{"kind":"SCALAR","name":"String","ofType":null}},"defaultValue":null},{"name":"title","description":"","type":{"kind":"SCALAR","name":"String","ofType":null},"defaultValue":null},{"name":"value","description":"","type":{"kind":"SCALAR","name":"Int","ofType":null},"defaultValue":null},{"name":"id","description":"","type":{"kind":"SCALAR","name":"ID","ofType":null},"defaultValue":null}],"interfaces":null,"enumValues":null,"possibleTypes":null},{"kind":"INPUT_OBJECT","name":"UserInput","description":"","fields":null,"inputFields":[{"name":"password","description":"","type":{"kind":"NON_NULL","name":null,"ofType":{"kind":"SCALAR","name":"String","ofType":null}},"defaultValue":null},{"name":"patient","description":"","type":{"kind":"INPUT_OBJECT","name":"PatientInfoInput","ofType":null},"defaultValue":null},{"name":"patientId","description":"","type":{"kind":"SCALAR","name":"String","ofType":null},"defaultValue":null},{"name":"therapist","description":"","type":{"kind":"INPUT_OBJECT","name":"TherapistInput","ofType":null},"defaultValue":null},{"name":"therapistId","description":"","type":{"kind":"SCALAR","name":"String","ofType":null},"defaultValue":null},{"name":"type","description":"","type":{"kind":"NON_NULL","name":null,"ofType":{"kind":"ENUM","name":"Type","ofType":null}},"defaultValue":null},{"name":"username","description":"","type":{"kind":"NON_NULL","name":null,"ofType":{"kind":"SCALAR","name":"String","ofType":null}},"defaultValue":null}],"interfaces":null,"enumValues":null,"possibleTypes":null},{"kind":"INPUT_OBJECT","name":"PatientInfoInput","description":"","fields":null,"inputFields":[{"name":"name","description":"","type":{"kind":"NON_NULL","name":null,"ofType":{"kind":"SCALAR","name":"String","ofType":null}},"defaultValue":null},{"name":"age","description":"","type":{"kind":"SCALAR","name":"Int","ofType":null},"defaultValue":null},{"name":"weight","description":"","type":{"kind":"SCALAR","name":"Int","ofType":null},"defaultValue":null}],"interfaces":null,"enumValues":null,"possibleTypes":null},{"kind":"INPUT_OBJECT","name":"TherapistInput","description":"","fields":null,"inputFields":[{"name":"name","description":"","type":{"kind":"NON_NULL","name":null,"ofType":{"kind":"SCALAR","name":"String","ofType":null}},"defaultValue":null},{"name":"phoneNumber","description":"","type":{"kind":"SCALAR","name":"String","ofType":null},"defaultValue":null}],"interfaces":null,"enumValues":null,"possibleTypes":null},{"kind":"INPUT_OBJECT","name":"UpdateInput","description":"","fields":null,"inputFields":[{"name":"id","description":"","type":{"kind":"NON_NULL","name":null,"ofType":{"kind":"SCALAR","name":"ID","ofType":null}},"defaultValue":null},{"name":"longDescription","description":"","type":{"kind":"SCALAR","name":"String","ofType":null},"defaultValue":null},{"name":"pictures","description":"","type":{"kind":"LIST","name":null,"ofType":{"kind":"INPUT_OBJECT","name":"URLHolderInput","ofType":null}},"defaultValue":null},{"name":"shortDescription","description":"","type":{"kind":"SCALAR","name":"String","ofType":null},"defaultValue":null},{"name":"title","description":"","type":{"kind":"SCALAR","name":"String","ofType":null},"defaultValue":null},{"name":"type","description":"","type":{"kind":"ENUM","name":"ExerciseType","ofType":null},"defaultValue":null},{"name":"videos","description":"","type":{"kind":"LIST","name":null,"ofType":{"kind":"INPUT_OBJECT","name":"URLHolderInput","ofType":null}},"defaultValue":null},{"name":"parameters","description":"","type":{"kind":"LIST","name":null,"ofType":{"kind":"INPUT_OBJECT","name":"ParameterInput","ofType":null}},"defaultValue":null},{"name":"assesments","description":"","type":{"kind":"LIST","name":null,"ofType":{"kind":"INPUT_OBJECT","name":"AssesmentInput","ofType":null}},"defaultValue":null},{"name":"state","description":"","type":{"kind":"SCALAR","name":"String","ofType":null},"defaultValue":null},{"name":"updatedAt","description":"","type":{"kind":"SCALAR","name":"String","ofType":null},"defaultValue":null}],"interfaces":null,"enumValues":null,"possibleTypes":null},{"kind":"INPUT_OBJECT","name":"TherapyScheduleInput","description":"","fields":null,"inputFields":[{"name":"id","description":"","type":{"kind":"SCALAR","name":"ID","ofType":null},"defaultValue":null},{"name":"startDate","description":"","type":{"kind":"NON_NULL","name":null,"ofType":{"kind":"SCALAR","name":"String","ofType":null}},"defaultValue":null},{"name":"endDate","description":"","type":{"kind":"NON_NULL","name":null,"ofType":{"kind":"SCALAR","name":"String","ofType":null}},"defaultValue":null},{"name":"exercises","description":"","type":{"kind":"NON_NULL","name":null,"ofType":{"kind":"LIST","name":null,"ofType":{"kind":"SCALAR","name":"ID","ofType":null}}},"defaultValue":null},{"name":"days","description":"","type":{"kind":"LIST","name":null,"ofType":{"kind":"INPUT_OBJECT","name":"TherapyDayInput","ofType":null}},"defaultValue":null}],"interfaces":null,"enumValues":null,"possibleTypes":null},{"kind":"INPUT_OBJECT","name":"TherapyDayInput","description":"","fields":null,"inputFields":[{"name":"id","description":"","type":{"kind":"SCALAR","name":"ID","ofType":null},"defaultValue":null},{"name":"date","description":"","type":{"kind":"NON_NULL","name":null,"ofType":{"kind":"SCALAR","name":"String","ofType":null}},"defaultValue":null},{"name":"parameters","description":"","type":{"kind":"LIST","name":null,"ofType":{"kind":"INPUT_OBJECT","name":"ExerciseParameterInput","ofType":null}},"defaultValue":null},{"name":"questionareIds","description":"","type":{"kind":"LIST","name":null,"ofType":{"kind":"SCALAR","name":"ID","ofType":null}},"defaultValue":null}],"interfaces":null,"enumValues":null,"possibleTypes":null},{"kind":"INPUT_OBJECT","name":"ExerciseParameterInput","description":"","fields":null,"inputFields":[{"name":"parameters","description":"","type":{"kind":"NON_NULL","name":null,"ofType":{"kind":"LIST","name":null,"ofType":{"kind":"INPUT_OBJECT","name":"ParameterInput","ofType":null}}},"defaultValue":null},{"name":"exerciseId","description":"","type":{"kind":"NON_NULL","name":null,"ofType":{"kind":"SCALAR","name":"ID","ofType":null}},"defaultValue":null},{"name":"enabled","description":"","type":{"kind":"NON_NULL","name":null,"ofType":{"kind":"SCALAR","name":"Boolean","ofType":null}},"defaultValue":null},{"name":"id","description":"","type":{"kind":"SCALAR","name":"ID","ofType":null},"defaultValue":null},{"name":"additionalInstructions","description":"","type":{"kind":"SCALAR","name":"String","ofType":null},"defaultValue":null}],"interfaces":null,"enumValues":null,"possibleTypes":null},{"kind":"INPUT_OBJECT","name":"UpdateTherapyScheduleInput","description":"","fields":null,"inputFields":[{"name":"id","description":"","type":{"kind":"NON_NULL","name":null,"ofType":{"kind":"SCALAR","name":"ID","ofType":null}},"defaultValue":null},{"name":"startDate","description":"","type":{"kind":"SCALAR","name":"String","ofType":null},"defaultValue":null},{"name":"endDate","description":"","type":{"kind":"SCALAR","name":"String","ofType":null},"defaultValue":null},{"name":"exercises","description":"","type":{"kind":"LIST","name":null,"ofType":{"kind":"SCALAR","name":"ID","ofType":null}},"defaultValue":null},{"name":"days","description":"","type":{"kind":"LIST","name":null,"ofType":{"kind":"INPUT_OBJECT","name":"TherapyDayInput","ofType":null}},"defaultValue":null}],"interfaces":null,"enumValues":null,"possibleTypes":null},{"kind":"INPUT_OBJECT","name":"EvaluationInput","description":"","fields":null,"inputFields":[{"name":"dayId","description":"","type":{"kind":"NON_NULL","name":null,"ofType":{"kind":"SCALAR","name":"ID","ofType":null}},"defaultValue":null},{"name":"exerciseId","description":"","type":{"kind":"NON_NULL","name":null,"ofType":{"kind":"SCALAR","name":"ID","ofType":null}},"defaultValue":null},{"name":"parameters","description":"","type":{"kind":"NON_NULL","name":null,"ofType":{"kind":"LIST","name":null,"ofType":{"kind":"INPUT_OBJECT","name":"ParameterInput","ofType":null}}},"defaultValue":null},{"name":"feedback","description":"","type":{"kind":"SCALAR","name":"String","ofType":null},"defaultValue":null},{"name":"assesments","description":"","type":{"kind":"NON_NULL","name":null,"ofType":{"kind":"LIST","name":null,"ofType":{"kind":"INPUT_OBJECT","name":"AssesmentInput","ofType":null}}},"defaultValue":null}],"interfaces":null,"enumValues":null,"possibleTypes":null},{"kind":"INPUT_OBJECT","name":"QuestainareInput","description":"","fields":null,"inputFields":[{"name":"title","description":"","type":{"kind":"SCALAR","name":"String","ofType":null},"defaultValue":null},{"name":"questions","description":"","type":{"kind":"LIST","name":null,"ofType":{"kind":"INPUT_OBJECT","name":"QuestionInput","ofType":null}},"defaultValue":null}],"interfaces":null,"enumValues":null,"possibleTypes":null},{"kind":"INPUT_OBJECT","name":"QuestionInput","description":"","fields":null,"inputFields":[{"name":"order","description":"","type":{"kind":"NON_NULL","name":null,"ofType":{"kind":"SCALAR","name":"Int","ofType":null}},"defaultValue":null},{"name":"question","description":"","type":{"kind":"NON_NULL","name":null,"ofType":{"kind":"SCALAR","name":"String","ofType":null}},"defaultValue":null},{"name":"answerType","description":"","type":{"kind":"NON_NULL","name":null,"ofType":{"kind":"ENUM","name":"QuestionAnswerType","ofType":null}},"defaultValue":null},{"name":"options","description":"","type":{"kind":"LIST","name":null,"ofType":{"kind":"INPUT_OBJECT","name":"QuestionOptionInput","ofType":null}},"defaultValue":null}],"interfaces":null,"enumValues":null,"possibleTypes":null},{"kind":"INPUT_OBJECT","name":"QuestionOptionInput","description":"","fields":null,"inputFields":[{"name":"order","description":"","type":{"kind":"SCALAR","name":"Int","ofType":null},"defaultValue":null},{"name":"value","description":"","type":{"kind":"SCALAR","name":"String","ofType":null},"defaultValue":null}],"interfaces":null,"enumValues":null,"possibleTypes":null},{"kind":"INPUT_OBJECT","name":"QuestionareAnswerInput","description":"","fields":null,"inputFields":[{"name":"questionareIds","description":"","type":{"kind":"NON_NULL","name":null,"ofType":{"kind":"SCALAR","name":"ID","ofType":null}},"defaultValue":null},{"name":"dayId","description":"","type":{"kind":"NON_NULL","name":null,"ofType":{"kind":"SCALAR","name":"ID","ofType":null}},"defaultValue":null},{"name":"answers","description":"","type":{"kind":"LIST","name":null,"ofType":{"kind":"INPUT_OBJECT","name":"QuestionAnswerInput","ofType":null}},"defaultValue":null}],"interfaces":null,"enumValues":null,"possibleTypes":null},{"kind":"INPUT_OBJECT","name":"QuestionAnswerInput","description":"","fields":null,"inputFields":[{"name":"questionId","description":"","type":{"kind":"NON_NULL","name":null,"ofType":{"kind":"SCALAR","name":"ID","ofType":null}},"defaultValue":null},{"name":"answeredOptionId","description":"","type":{"kind":"SCALAR","name":"ID","ofType":null},"defaultValue":null},{"name":"answerStr","description":"","type":{"kind":"SCALAR","name":"String","ofType":null},"defaultValue":null}],"interfaces":null,"enumValues":null,"possibleTypes":null},{"kind":"OBJECT","name":"__Schema","description":"A GraphQL Schema defines the capabilities of a GraphQL server. It exposes all available types and directives on the server, as well as the entry points for query, mutation, and subscription operations.","fields":[{"name":"types","description":"A list of all types supported by this server.","args":[],"type":{"kind":"NON_NULL","name":null,"ofType":{"kind":"LIST","name":null,"ofType":{"kind":"NON_NULL","name":null,"ofType":{"kind":"OBJECT","name":"__Type","ofType":null}}}},"isDeprecated":false,"deprecationReason":null},{"name":"queryType","description":"The type that query operations will be rooted at.","args":[],"type":{"kind":"NON_NULL","name":null,"ofType":{"kind":"OBJECT","name":"__Type","ofType":null}},"isDeprecated":false,"deprecationReason":null},{"name":"mutationType","description":"If this server supports mutation, the type that mutation operations will be rooted at.","args":[],"type":{"kind":"OBJECT","name":"__Type","ofType":null},"isDeprecated":false,"deprecationReason":null},{"name":"subscriptionType","description":"If this server support subscription, the type that subscription operations will be rooted at.","args":[],"type":{"kind":"OBJECT","name":"__Type","ofType":null},"isDeprecated":false,"deprecationReason":null},{"name":"directives","description":"A list of all directives supported by this server.","args":[],"type":{"kind":"NON_NULL","name":null,"ofType":{"kind":"LIST","name":null,"ofType":{"kind":"NON_NULL","name":null,"ofType":{"kind":"OBJECT","name":"__Directive","ofType":null}}}},"isDeprecated":false,"deprecationReason":null}],"inputFields":null,"interfaces":[],"enumValues":null,"possibleTypes":null},{"kind":"OBJECT","name":"__Type","description":"The fundamental unit of any GraphQL Schema is the type. There are many kinds of types in GraphQL as represented by the `__TypeKind` enum.\n\nDepending on the kind of a type, certain fields describe information about that type. Scalar types provide no information beyond a name and description, while Enum types provide their values. Object and Interface types provide the fields they describe. Abstract types, Union and Interface, provide the Object types possible at runtime. List and NonNull types compose other types.","fields":[{"name":"kind","description":null,"args":[],"type":{"kind":"NON_NULL","name":null,"ofType":{"kind":"ENUM","name":"__TypeKind","ofType":null}},"isDeprecated":false,"deprecationReason":null},{"name":"name","description":null,"args":[],"type":{"kind":"SCALAR","name":"String","ofType":null},"isDeprecated":false,"deprecationReason":null},{"name":"description","description":null,"args":[],"type":{"kind":"SCALAR","name":"String","ofType":null},"isDeprecated":false,"deprecationReason":null},{"name":"fields","description":null,"args":[{"name":"includeDeprecated","description":null,"type":{"kind":"SCALAR","name":"Boolean","ofType":null},"defaultValue":"false"}],"type":{"kind":"LIST","name":null,"ofType":{"kind":"NON_NULL","name":null,"ofType":{"kind":"OBJECT","name":"__Field","ofType":null}}},"isDeprecated":false,"deprecationReason":null},{"name":"interfaces","description":null,"args":[],"type":{"kind":"LIST","name":null,"ofType":{"kind":"NON_NULL","name":null,"ofType":{"kind":"OBJECT","name":"__Type","ofType":null}}},"isDeprecated":false,"deprecationReason":null},{"name":"possibleTypes","description":null,"args":[],"type":{"kind":"LIST","name":null,"ofType":{"kind":"NON_NULL","name":null,"ofType":{"kind":"OBJECT","name":"__Type","ofType":null}}},"isDeprecated":false,"deprecationReason":null},{"name":"enumValues","description":null,"args":[{"name":"includeDeprecated","description":null,"type":{"kind":"SCALAR","name":"Boolean","ofType":null},"defaultValue":"false"}],"type":{"kind":"LIST","name":null,"ofType":{"kind":"NON_NULL","name":null,"ofType":{"kind":"OBJECT","name":"__EnumValue","ofType":null}}},"isDeprecated":false,"deprecationReason":null},{"name":"inputFields","description":null,"args":[],"type":{"kind":"LIST","name":null,"ofType":{"kind":"NON_NULL","name":null,"ofType":{"kind":"OBJECT","name":"__InputValue","ofType":null}}},"isDeprecated":false,"deprecationReason":null},{"name":"ofType","description":null,"args":[],"type":{"kind":"OBJECT","name":"__Type","ofType":null},"isDeprecated":false,"deprecationReason":null}],"inputFields":null,"interfaces":[],"enumValues":null,"possibleTypes":null},{"kind":"ENUM","name":"__TypeKind","description":"An enum describing what kind of type a given `__Type` is.","fields":null,"inputFields":null,"interfaces":null,"enumValues":[{"name":"SCALAR","description":"Indicates this type is a scalar.","isDeprecated":false,"deprecationReason":null},{"name":"OBJECT","description":"Indicates this type is an object. `fields` and `interfaces` are valid fields.","isDeprecated":false,"deprecationReason":null},{"name":"INTERFACE","description":"Indicates this type is an interface. `fields` and `possibleTypes` are valid fields.","isDeprecated":false,"deprecationReason":null},{"name":"UNION","description":"Indicates this type is a union. `possibleTypes` is a valid field.","isDeprecated":false,"deprecationReason":null},{"name":"ENUM","description":"Indicates this type is an enum. `enumValues` is a valid field.","isDeprecated":false,"deprecationReason":null},{"name":"INPUT_OBJECT","description":"Indicates this type is an input object. `inputFields` is a valid field.","isDeprecated":false,"deprecationReason":null},{"name":"LIST","description":"Indicates this type is a list. `ofType` is a valid field.","isDeprecated":false,"deprecationReason":null},{"name":"NON_NULL","description":"Indicates this type is a non-null. `ofType` is a valid field.","isDeprecated":false,"deprecationReason":null}],"possibleTypes":null},{"kind":"OBJECT","name":"__Field","description":"Object and Interface types are described by a list of Fields, each of which has a name, potentially a list of arguments, and a return type.","fields":[{"name":"name","description":null,"args":[],"type":{"kind":"NON_NULL","name":null,"ofType":{"kind":"SCALAR","name":"String","ofType":null}},"isDeprecated":false,"deprecationReason":null},{"name":"description","description":null,"args":[],"type":{"kind":"SCALAR","name":"String","ofType":null},"isDeprecated":false,"deprecationReason":null},{"name":"args","description":null,"args":[],"type":{"kind":"NON_NULL","name":null,"ofType":{"kind":"LIST","name":null,"ofType":{"kind":"NON_NULL","name":null,"ofType":{"kind":"OBJECT","name":"__InputValue","ofType":null}}}},"isDeprecated":false,"deprecationReason":null},{"name":"type","description":null,"args":[],"type":{"kind":"NON_NULL","name":null,"ofType":{"kind":"OBJECT","name":"__Type","ofType":null}},"isDeprecated":false,"deprecationReason":null},{"name":"isDeprecated","description":null,"args":[],"type":{"kind":"NON_NULL","name":null,"ofType":{"kind":"SCALAR","name":"Boolean","ofType":null}},"isDeprecated":false,"deprecationReason":null},{"name":"deprecationReason","description":null,"args":[],"type":{"kind":"SCALAR","name":"String","ofType":null},"isDeprecated":false,"deprecationReason":null}],"inputFields":null,"interfaces":[],"enumValues":null,"possibleTypes":null},{"kind":"OBJECT","name":"__InputValue","description":"Arguments provided to Fields or Directives and the input fields of an InputObject are represented as Input Values which describe their type and optionally a default value.","fields":[{"name":"name","description":null,"args":[],"type":{"kind":"NON_NULL","name":null,"ofType":{"kind":"SCALAR","name":"String","ofType":null}},"isDeprecated":false,"deprecationReason":null},{"name":"description","description":null,"args":[],"type":{"kind":"SCALAR","name":"String","ofType":null},"isDeprecated":false,"deprecationReason":null},{"name":"type","description":null,"args":[],"type":{"kind":"NON_NULL","name":null,"ofType":{"kind":"OBJECT","name":"__Type","ofType":null}},"isDeprecated":false,"deprecationReason":null},{"name":"defaultValue","description":"A GraphQL-formatted string representing the default value for this input value.","args":[],"type":{"kind":"SCALAR","name":"String","ofType":null},"isDeprecated":false,"deprecationReason":null}],"inputFields":null,"interfaces":[],"enumValues":null,"possibleTypes":null},{"kind":"OBJECT","name":"__EnumValue","description":"One possible value for a given Enum. Enum values are unique values, not a placeholder for a string or numeric value. However an Enum value is returned in a JSON response as a string.","fields":[{"name":"name","description":null,"args":[],"type":{"kind":"NON_NULL","name":null,"ofType":{"kind":"SCALAR","name":"String","ofType":null}},"isDeprecated":false,"deprecationReason":null},{"name":"description","description":null,"args":[],"type":{"kind":"SCALAR","name":"String","ofType":null},"isDeprecated":false,"deprecationReason":null},{"name":"isDeprecated","description":null,"args":[],"type":{"kind":"NON_NULL","name":null,"ofType":{"kind":"SCALAR","name":"Boolean","ofType":null}},"isDeprecated":false,"deprecationReason":null},{"name":"deprecationReason","description":null,"args":[],"type":{"kind":"SCALAR","name":"String","ofType":null},"isDeprecated":false,"deprecationReason":null}],"inputFields":null,"interfaces":[],"enumValues":null,"possibleTypes":null},{"kind":"OBJECT","name":"__Directive","description":"A Directive provides a way to describe alternate runtime execution and type validation behavior in a GraphQL document.\n\nIn some cases, you need to provide options to alter GraphQL's execution behavior in ways field arguments will not suffice, such as conditionally including or skipping a field. Directives provide this by describing additional information to the executor.","fields":[{"name":"name","description":null,"args":[],"type":{"kind":"NON_NULL","name":null,"ofType":{"kind":"SCALAR","name":"String","ofType":null}},"isDeprecated":false,"deprecationReason":null},{"name":"description","description":null,"args":[],"type":{"kind":"SCALAR","name":"String","ofType":null},"isDeprecated":false,"deprecationReason":null},{"name":"locations","description":null,"args":[],"type":{"kind":"NON_NULL","name":null,"ofType":{"kind":"LIST","name":null,"ofType":{"kind":"NON_NULL","name":null,"ofType":{"kind":"ENUM","name":"__DirectiveLocation","ofType":null}}}},"isDeprecated":false,"deprecationReason":null},{"name":"args","description":null,"args":[],"type":{"kind":"NON_NULL","name":null,"ofType":{"kind":"LIST","name":null,"ofType":{"kind":"NON_NULL","name":null,"ofType":{"kind":"OBJECT","name":"__InputValue","ofType":null}}}},"isDeprecated":false,"deprecationReason":null}],"inputFields":null,"interfaces":[],"enumValues":null,"possibleTypes":null},{"kind":"ENUM","name":"__DirectiveLocation","description":"A Directive can be adjacent to many parts of the GraphQL language, a __DirectiveLocation describes one such possible adjacencies.","fields":null,"inputFields":null,"interfaces":null,"enumValues":[{"name":"QUERY","description":"Location adjacent to a query operation.","isDeprecated":false,"deprecationReason":null},{"name":"MUTATION","description":"Location adjacent to a mutation operation.","isDeprecated":false,"deprecationReason":null},{"name":"SUBSCRIPTION","description":"Location adjacent to a subscription operation.","isDeprecated":false,"deprecationReason":null},{"name":"FIELD","description":"Location adjacent to a field.","isDeprecated":false,"deprecationReason":null},{"name":"FRAGMENT_DEFINITION","description":"Location adjacent to a fragment definition.","isDeprecated":false,"deprecationReason":null},{"name":"FRAGMENT_SPREAD","description":"Location adjacent to a fragment spread.","isDeprecated":false,"deprecationReason":null},{"name":"INLINE_FRAGMENT","description":"Location adjacent to an inline fragment.","isDeprecated":false,"deprecationReason":null},{"name":"VARIABLE_DEFINITION","description":"Location adjacent to a variable definition.","isDeprecated":false,"deprecationReason":null},{"name":"SCHEMA","description":"Location adjacent to a schema definition.","isDeprecated":false,"deprecationReason":null},{"name":"SCALAR","description":"Location adjacent to a scalar definition.","isDeprecated":false,"deprecationReason":null},{"name":"OBJECT","description":"Location adjacent to an object type definition.","isDeprecated":false,"deprecationReason":null},{"name":"FIELD_DEFINITION","description":"Location adjacent to a field definition.","isDeprecated":false,"deprecationReason":null},{"name":"ARGUMENT_DEFINITION","description":"Location adjacent to an argument definition.","isDeprecated":false,"deprecationReason":null},{"name":"INTERFACE","description":"Location adjacent to an interface definition.","isDeprecated":false,"deprecationReason":null},{"name":"UNION","description":"Location adjacent to a union definition.","isDeprecated":false,"deprecationReason":null},{"name":"ENUM","description":"Location adjacent to an enum definition.","isDeprecated":false,"deprecationReason":null},{"name":"ENUM_VALUE","description":"Location adjacent to an enum value definition.","isDeprecated":false,"deprecationReason":null},{"name":"INPUT_OBJECT","description":"Location adjacent to an input object type definition.","isDeprecated":false,"deprecationReason":null},{"name":"INPUT_FIELD_DEFINITION","description":"Location adjacent to an input object field definition.","isDeprecated":false,"deprecationReason":null}],"possibleTypes":null},{"kind":"ENUM","name":"CacheControlScope","description":"","fields":null,"inputFields":null,"interfaces":null,"enumValues":[{"name":"PUBLIC","description":"","isDeprecated":false,"deprecationReason":null},{"name":"PRIVATE","description":"","isDeprecated":false,"deprecationReason":null}],"possibleTypes":null},{"kind":"SCALAR","name":"Upload","description":"The `Upload` scalar type represents a file upload.","fields":null,"inputFields":null,"interfaces":null,"enumValues":null,"possibleTypes":null}],"directives":[{"name":"cacheControl","description":"","locations":["FIELD_DEFINITION","OBJECT","INTERFACE"],"args":[{"name":"maxAge","description":"","type":{"kind":"SCALAR","name":"Int","ofType":null},"defaultValue":null},{"name":"scope","description":"","type":{"kind":"ENUM","name":"CacheControlScope","ofType":null},"defaultValue":null}]},{"name":"skip","description":"Directs the executor to skip this field or fragment when the `if` argument is true.","locations":["FIELD","FRAGMENT_SPREAD","INLINE_FRAGMENT"],"args":[{"name":"if","description":"Skipped when true.","type":{"kind":"NON_NULL","name":null,"ofType":{"kind":"SCALAR","name":"Boolean","ofType":null}},"defaultValue":null}]},{"name":"include","description":"Directs the executor to include this field or fragment only when the `if` argument is true.","locations":["FIELD","FRAGMENT_SPREAD","INLINE_FRAGMENT"],"args":[{"name":"if","description":"Included when true.","type":{"kind":"NON_NULL","name":null,"ofType":{"kind":"SCALAR","name":"Boolean","ofType":null}},"defaultValue":null}]},{"name":"deprecated","description":"Marks an element of a GraphQL schema as no longer supported.","locations":["FIELD_DEFINITION","ENUM_VALUE"],"args":[{"name":"reason","description":"Explains why this element was deprecated, usually also including a suggestion for how to access supported similar data. Formatted using the Markdown syntax (as specified by [CommonMark](https://commonmark.org/).","type":{"kind":"SCALAR","name":"String","ofType":null},"defaultValue":"\"No longer supported\""}]}]}}}
